{"WC330":[-93.568231,41.937653],
"WC230":[-93.641319,41.944406]}