{"WC330":[-93.568231,41.937653],
"WC210":[-93.685575,41.975908],
"WC220":[-93.679908,41.964783],
"WC310":[-93.639614,41.954878]}